,LinearRegression,Ridge,Lasso,ElasticNet,DecisionTree,RandomForest,GradientBoosting,AdaBoost,SVR,KNN,MLPRegressor
0,2922.101258269902,2921.0905643664755,2921.383334172744,2919.113996202068,4553.674784781756,3316.567339062028,2807.3201657102873,3803.8926692387668,3022.9394697795383,7145.335635849214,21369.468463721318
1,2848.6911577321634,2848.5951233948326,2842.713882635931,2851.029579602856,5140.322837910556,3187.047777974407,2789.1919600280116,3782.7826760294406,2863.7763969739212,6808.602975780102,24057.140832942394
2,3355.771707566679,3354.6639836120394,3350.5559224933863,3349.841385405168,5245.859208825971,3363.5545665226127,3020.2045629205672,4208.174250808707,3307.193243434155,7717.241633289204,29401.57462085992
3,2832.515779266628,2834.3788093386543,2826.5348708295624,2840.9541010994003,5034.058123184109,3318.2984339410427,2744.0590694180023,3933.993777117537,2914.832512288779,6790.411424685673,23355.59088583522
4,2862.51376520013,2861.82686424775,2852.6259632937185,2861.025289797955,5481.165026003232,3347.7242167046097,2835.148904680606,3824.521827319359,2957.2560936675095,6665.615372663081,26110.197209913636
