Day_of_Week,mean,std,min,max
0,1016.2295090677663,154.4353893056308,593.7662316409674,1599.3832184151956
1,1009.9270508344731,136.23805585076897,592.1515517600865,1487.258300103526
2,1010.1697138513466,149.0989639539466,655.9636394627562,1731.2821895171687
3,1009.1149892650762,142.0481299600179,619.9478109786221,1445.8135081114403
4,1014.1692382823588,152.79071415738488,484.50954063017974,1482.2124118092179
5,1019.4251081333322,148.60615954368257,536.7969605594513,1577.919417682013
6,1017.7403176836672,154.9535018508648,483.7151824354013,1535.7853821593253
