Method,MSE,R2
VotingRegressor,2715.90185529587,0.8757869625745729
StackingRegressor,2581.9162809267523,0.8819148552784738
WeightedEnsemble,2820.7961317231375,0.8709895739435489
