{
    "model_performance": {
        "LinearRegression": {
            "MSE": 2879.4768803363504,
            "RMSE": 53.660757358952274,
            "MAE": 42.4477804237401,
            "R2": 0.8683057825504865,
            "MAPE": 0.04224104168692007,
            "CV_MSE_mean": 2964.3187336071005,
            "CV_MSE_std": 198.05239342839602
        },
        "Ridge": {
            "MSE": 2878.1943183563476,
            "RMSE": 53.6488053767868,
            "MAE": 42.441099339742536,
            "R2": 0.8683644411205347,
            "MAPE": 0.04223643492490819,
            "CV_MSE_mean": 2964.1110689919506,
            "CV_MSE_std": 197.49369324541837
        },
        "Lasso": {
            "MSE": 2867.6399870453965,
            "RMSE": 53.5503500179541,
            "MAE": 42.38425764900948,
            "R2": 0.8688471483831595,
            "MAPE": 0.04220839789072948,
            "CV_MSE_mean": 2958.7627946850685,
            "CV_MSE_std": 198.55260254085775
        },
        "ElasticNet": {
            "MSE": 2871.146878223284,
            "RMSE": 53.5830838812333,
            "MAE": 42.39837953287643,
            "R2": 0.8686867590803293,
            "MAPE": 0.042208570580987384,
            "CV_MSE_mean": 2964.3928704214895,
            "CV_MSE_std": 194.62474475494943
        },
        "DecisionTree": {
            "MSE": 4843.7341044583145,
            "RMSE": 69.59694033833897,
            "MAE": 55.94711016633568,
            "R2": 0.7784695627263916,
            "MAPE": 0.055803881100175166,
            "CV_MSE_mean": 5091.015996141125,
            "CV_MSE_std": 306.791012703803
        },
        "RandomForest": {
            "MSE": 3206.6464372511273,
            "RMSE": 56.62725878277287,
            "MAE": 44.30485039748944,
            "R2": 0.8533425303481759,
            "MAPE": 0.044394617816994004,
            "CV_MSE_mean": 3306.63846684094,
            "CV_MSE_std": 62.39222939559739
        },
        "GradientBoosting": {
            "MSE": 2753.06999198153,
            "RMSE": 52.469705468789606,
            "MAE": 41.26231378206328,
            "R2": 0.8740870605165634,
            "MAPE": 0.041095249914076086,
            "CV_MSE_mean": 2839.184932551495,
            "CV_MSE_std": 95.2344334832737
        },
        "AdaBoost": {
            "MSE": 3836.2725449701697,
            "RMSE": 61.93765046375403,
            "MAE": 47.301145451661185,
            "R2": 0.8245462867984945,
            "MAPE": 0.04739845824318448,
            "CV_MSE_mean": 3910.673040102762,
            "CV_MSE_std": 157.62668012435316
        },
        "SVR": {
            "MSE": 2971.977637690588,
            "RMSE": 54.515847582978914,
            "MAE": 42.685032108227894,
            "R2": 0.8640752172917613,
            "MAPE": 0.042531361249415096,
            "CV_MSE_mean": 3013.199543228781,
            "CV_MSE_std": 155.98729492566287
        },
        "KNN": {
            "MSE": 7148.439950846613,
            "RMSE": 84.54844735917162,
            "MAE": 65.60551299721537,
            "R2": 0.6730627664558232,
            "MAPE": 0.06610398649148165,
            "CV_MSE_mean": 7025.441408453456,
            "CV_MSE_std": 380.70853734382024
        },
        "MLPRegressor": {
            "MSE": 16008.757898782982,
            "RMSE": 126.52572030533152,
            "MAE": 93.57719431803743,
            "R2": 0.2678319946876334,
            "MAPE": 0.09324696115124721,
            "CV_MSE_mean": 24858.794402654494,
            "CV_MSE_std": 2730.5869648797666
        }
    },
    "cross_validation_scores": {
        "GradientBoosting": {
            "MSE_scores": [
                3132.482429251212,
                2423.8073599732647,
                2379.443484134243,
                3278.464780253292,
                2758.04139451875,
                3387.5921049415374,
                2686.261314520327,
                2673.8310044352247,
                2632.949731378447,
                2778.260813494624
            ],
            "R2_scores": [
                0.8685193701455167,
                0.88913609007675,
                0.8832848208395927,
                0.8615046495792336,
                0.8704759465702893,
                0.8330669156991539,
                0.8624792840768722,
                0.8788316841365665,
                0.870146238314293,
                0.8922431362625394
            ],
            "MAE_scores": [
                43.74904278819317,
                40.03502626227518,
                39.01167752677007,
                46.0602884524137,
                41.802670349306645,
                45.56249646912958,
                42.24485004203667,
                41.958472515804935,
                41.41403888460688,
                42.11898136010056
            ]
        },
        "Lasso": {
            "MSE_scores": [
                3153.3622539235766,
                2706.1626275686995,
                2332.609624185087,
                3367.040790718164,
                3069.808709252344,
                3630.813968519045,
                2894.987346448736,
                2741.7095376807088,
                2982.6026656944478,
                2786.022927493477
            ],
            "R2_scores": [
                0.8676429749665564,
                0.8762212811402011,
                0.8855820900923348,
                0.8577628477206033,
                0.8558346266787734,
                0.8210814774885835,
                0.8517937438476209,
                0.8757556753899431,
                0.8529017963622594,
                0.8919420770328133
            ],
            "MAE_scores": [
                44.501758155811004,
                41.98784151237761,
                37.21398205872156,
                45.42062844922056,
                43.63977153031749,
                48.07219058003299,
                43.26078338587871,
                42.15329002012982,
                43.887046413141356,
                42.85145740967433
            ]
        },
        "ElasticNet": {
            "MSE_scores": [
                3162.244790009839,
                2700.2222956140336,
                2353.7088836011562,
                3377.460641872523,
                3078.367399928652,
                3628.3170782717193,
                2936.0306187919437,
                2731.62775649834,
                2979.973655127575,
                2782.8657075503884
            ],
            "R2_scores": [
                0.8672701456001659,
                0.8764929893780801,
                0.8845471405928746,
                0.8573226718963434,
                0.8554326906126035,
                0.821204518745392,
                0.8496925706795616,
                0.8762125451190865,
                0.8530314558493173,
                0.8920645321016621
            ],
            "MAE_scores": [
                44.56651969968226,
                41.904542780966665,
                37.283934378643195,
                45.48111688811707,
                43.67967447788574,
                47.90340752532838,
                43.41975717749314,
                42.05027663466657,
                43.80098719514255,
                42.95630463000858
            ]
        }
    },
    "feature_importance_summary": {
        "Day_of_Week": {
            "mean_importance": 2.6336728850679507,
            "std_importance": 4.928817206911526,
            "count": 7
        },
        "Temp_MA_7": {
            "mean_importance": 131.9114679684268,
            "std_importance": 203.3296956511195,
            "count": 7
        },
        "Temp_Lag_7": {
            "mean_importance": 1.0378707466193808,
            "std_importance": 2.0130410906132052,
            "count": 7
        },
        "Temperature_Squared": {
            "mean_importance": 16836.603756955643,
            "std_importance": 26014.816287522906,
            "count": 7
        },