Season,mean,std,count
Autumn,1005.6989427804733,139.96269836860645,910
Spring,988.8974658380881,131.78181552993266,920
Summer,1099.6971491698332,163.73517098866242,920
Winter,959.7424431513348,114.97098293987008,900
