,Temperature_C,Humidity,Wind_Speed,Solar_Radiation,Pressure,Energy_Consumption
Temperature_C,1.0,-0.010248866344270684,0.014907228331222143,9.198239467979972e-06,0.011458074610665225,-0.5004196145275269
Humidity,-0.010248866344270684,1.0,0.012670748575839327,0.01610793870052981,0.003443661145256838,0.4914306537267693
Wind_Speed,0.014907228331222143,0.012670748575839327,1.0,0.03641721284703647,-0.01643817367600436,-0.14589422290894463
Solar_Radiation,9.198239467979972e-06,0.01610793870052981,0.03641721284703647,1.0,0.01124084721477649,-0.4558123852013277
Pressure,0.011458074610665225,0.003443661145256838,-0.01643817367600436,0.01124084721477649,1.0,0.1081277120204916
Energy_Consumption,-0.5004196145275269,0.4914306537267693,-0.14589422290894463,-0.4558123852013277,0.1081277120204916,1.0
